0,1,2,3,4,5,6,7,8,9,10,11,12,13,14,15,16,17,18,19,20,21,22,23,24,25,26,27,28,29,30,31,32,33,34,35,36,37,38,39,40,41,42,43,44,45,46,47,48,49,50,51,52,53,54,55,56,57,58,59,60,61,62,63,64,65,66,67,68,69,70,71,72,73,74,75,76,77,78,79,80,81,82,83,84,85,86
0.0,13.454223,7.624395,20.928602,20.893265,10.580805,10.162462,13.879369,10.067264,19.047636,9.214395,10.850811,10.324796,10.479778,8.847053,12.098047,17.229301,12.161545,11.029337,10.324796,7.680908,20.928602,10.690473,10.394563,20.893265,1.5450497,10.819992,11.107709,13.451314,18.994167,11.378561,10.740901,10.614043,10.350243,9.052852,9.45963,10.127782,10.249593,8.832149,10.324796,10.088846,10.26356,8.246339,9.742605,9.742605,10.324796,10.263241,10.324796,7.9281588,7.4062824,10.249593,9.715926,9.753313,10.179428,12.660575,9.400318,9.151944,9.810621,10.142777,7.7143955,11.098694,16.023409,9.072185,9.919669,7.890697,12.116642,11.869533,13.454223,9.906558,9.785,8.138955,10.045574,9.727201,18.644346,6.9833703,8.510572,19.303835,9.200321,9.275183,8.577521,17.229162,10.433589,13.065582,10.781042,10.781042,10.128164,9.109063
13.454223,0.0,12.841403,23.451618,23.3896,10.048348,10.906099,14.88468,9.411525,21.529886,11.96833,8.866636,8.930857,9.379715,12.689953,13.852512,13.640506,12.032375,9.047647,8.930857,11.673835,23.451618,9.528886,11.617575,23.3896,13.474095,9.32242,8.182294,8.1231365,21.597027,13.169632,14.401148,10.606894,14.806249,10.446769,13.10093,10.4481325,10.150498,13.250917,8.930857,9.240693,10.668699,12.435585,12.451706,12.451706,8.930857,9.531857,8.930857,12.943278,13.593033,10.150498,12.925006,14.120325,13.786206,9.693925,10.990123,11.24331,11.251356,9.211285,11.515006,7.7211328,15.193765,10.315023,13.852228,12.179577,14.600988,5.4922876,0.0,14.621195,9.150821,12.395536,9.519763,12.86482,20.966301,14.246786,12.304325,20.42672,10.315341,11.220381,9.949026,17.738867,9.478382,18.003298,9.70622,9.70622,9.996403,10.664869
7.624395,12.841403,0.0,21.414562,21.421515,9.824836,9.754107,13.799767,8.07364,19.89032,8.041227,9.38239,7.9538665,8.045151,9.403539,11.84623,17.432625,11.422424,9.865802,7.9538665,7.1461287,21.414562,10.042127,11.03838,21.421515,7.529186,9.577349,9.398755,13.37703,19.950077,10.410869,10.164311,8.458156,10.505733,7.8473196,9.268627,8.952391,8.779278,10.171526,7.9538665,7.581371,9.084021,7.566643,9.8704,9.8704,7.9538665,7.7442656,7.9538665,2.5709012,8.107243,8.779278,9.146236,9.067958,9.781295,12.814761,7.1691976,6.9538436,8.770644,9.682354,7.747913,9.739032,15.8856,7.4127626,10.226218,5.41314,11.792103,11.890292,12.841403,10.457384,8.722602,7.4066887,10.283846,9.070266,19.1542,8.575738,7.982104,19.055428,7.9959927,6.9358425,6.979371,16.76021,9.848798,13.763817,8.695646,8.695646,7.9592934,6.5540056
20.928602,23.451618,21.414562,0.0,4.512213,23.329302,23.61227,20.532274,21.837564,15.167039,22.107824,22.02363,22.005257,22.0462,22.802689,20.777655,19.918827,21.624899,22.803442,22.005257,21.680277,0.0,23.74005,22.23721,4.512213,20.997923,23.383572,22.738106,22.879871,15.879781,20.334885,22.381603,22.96041,22.798233,22.367462,21.761208,21.601883,21.797611,21.063124,22.005257,21.91669,23.648472,21.399466,22.455732,22.455732,22.005257,21.968506,22.005257,21.199896,22.041647,21.797611,23.14924,21.475353,21.837982,22.926773,21.580545,21.437866,21.727615,23.192749,21.221857,22.406929,21.321384,21.845888,21.757212,21.552776,23.574871,23.07825,23.451618,23.24723,22.767385,22.507423,23.662083,21.273756,16.813913,21.935865,22.003548,18.551233,22.441463,21.640245,21.822407,19.703114,23.530664,21.975916,22.026823,22.026823,21.76369,21.574808
20.893265,23.3896,21.421515,4.512213,0.0,23.22161,23.536749,20.277653,21.808706,14.471156,22.033407,21.948467,22.009443,22.026901,22.61202,20.644564,19.48796,21.429993,22.673716,22.009443,21.693377,4.512213,23.634197,22.122118,0.0,20.959105,23.315176,22.643953,22.696033,15.357417,20.276316,22.218412,23.04327,22.585793,22.28614,21.64083,21.672436,21.867643,20.960562,22.009443,21.927427,23.54926,21.327274,22.300714,22.300714,22.009443,21.95226,22.009443,21.234648,22.050476,21.867643,23.03383,21.346758,21.629265,22.978909,21.606968,21.454332,21.760616,23.094885,21.220842,22.330667,21.3935,21.813541,21.646978,21.51946,23.290285,22.99579,23.3896,23.148067,22.710575,22.452526,23.633936,21.375837,17.480902,21.854124,22.084732,18.49687,22.3609,21.677876,21.827034,19.600111,23.431526,22.051,22.015842,22.015842,21.736378,21.56332
10.580805,10.048348,9.824836,23.329302,23.22161,0.0,6.72919,12.769555,8.543514,20.97843,8.37432,7.256616,8.371102,8.57088,10.369591,10.858148,16.506609,8.666899,4.850561,8.371102,8.6870365,23.329302,6.115973,8.9193945,23.22161,10.460918,5.86452,6.7324405,9.743519,21.018644,10.2213745,9.237102,10.006001,9.56403,6.924978,8.592538,9.573817,9.644243,10.449782,8.371102,8.440767,6.893135,8.056225,7.9012156,7.9012156,8.371102,8.529777,8.371102,9.959289,10.265512,9.644243,7.4660974,9.358513,8.550175,11.335034,9.267064,9.200722,10.139436,6.112386,10.179046,6.867818,17.023592,8.2433815,10.531124,9.176482,9.594061,7.9763436,10.048348,9.782617,6.411117,8.958322,7.9919133,11.643846,21.339668,10.953771,9.97221,20.7933,6.774691,9.143828,7.238738,18.411572,6.040988,16.25626,9.288497,9.288497,8.598478,8.771359
10.162462,10.906099,9.754107,23.61227,23.536749,6.72919,0.0,15.266764,9.749022,20.985918,10.259867,9.604091,9.571243,10.051852,11.438242,13.167378,17.548048,11.869561,8.959329,9.571243,9.172142,23.61227,6.3727775,7.0278845,23.536749,10.050192,7.5587935,8.67741,11.358163,21.065218,12.3308115,8.529514,9.815742,8.517988,6.223417,8.053342,10.942605,10.577572,11.908142,9.571243,9.540975,6.259925,7.61264,8.520496,8.520496,9.571243,9.956831,9.571243,9.601187,9.7365265,10.577572,6.2696567,9.035096,8.17333,12.817609,9.457045,9.395464,9.986371,5.561399,10.624359,8.829323,16.958645,7.9885583,12.525452,8.519238,7.892648,8.958859,10.906099,8.79353,5.258088,7.687034,5.478316,11.734895,21.329912,10.498639,9.155082,20.623472,6.0901556,9.0047035,7.8695316,17.875198,5.992946,16.321531,10.879777,10.879777,10.417073,9.980087
13.879369,14.88468,13.799767,20.532274,20.277653,12.769555,15.266764,0.0,12.470041,19.795637,12.070642,11.519951,13.163159,12.736623,13.771197,6.112916,14.664089,8.646522,11.356629,13.163159,13.551271,20.532274,14.660614,13.968876,20.277653,13.767935,13.596434,12.641714,12.591272,20.264793,8.897948,13.539004,15.752988,14.243578,13.26434,12.801623,12.838244,13.529865,10.83823,13.163159,13.238511,15.380754,12.965495,12.909041,12.909041,13.163159,12.75491,13.163159,13.935866,14.550909,13.529865,14.613631,12.421027,12.877401,14.157573,13.672926,13.345803,14.233741,14.030119,13.713383,12.283566,19.401283,13.602891,12.370743,13.938912,15.132224,13.778344,14.88468,15.070526,13.824141,14.7519865,15.9471855,14.467491,20.892899,14.855295,15.107447,21.912132,13.265131,13.582177,13.409283,20.287863,14.581144,17.700676,12.538867,12.538867,11.921124,12.674186
10.067264,9.411525,8.07364,21.837564,21.808706,8.543514,9.749022,12.470041,0.0,20.10667,8.633655,5.096613,2.5869658,2.3961236,9.933157,10.404256,16.044214,9.352834,7.4664316,2.5869658,8.577237,21.837564,8.977851,10.451196,21.808706,10.096796,7.8223815,5.2641716,10.725317,20.402235,9.111434,11.5722,7.946896,11.794304,7.105093,9.418566,6.932767,6.3994074,9.848598,2.5869658,2.7935472,9.292039,9.0275755,9.9657545,9.9657545,2.5869658,2.471608,2.5869658,8.489491,10.310875,6.3994074,10.254436,10.239549,10.373043,10.1472225,6.543234,6.6030865,7.4857545,8.3491335,8.222241,5.49012,15.575238,6.430277,10.658901,8.332754,12.59513,9.275534,9.411525,12.137152,6.5972195,9.354984,9.731436,9.762403,19.695683,10.848746,9.347837,19.260437,7.0357523,6.1305456,6.90574,16.876165,8.815457,15.3214035,4.8796673,4.8796673,4.1900067,4.7474623
19.047636,21.529886,19.89032,15.167039,14.471156,20.97843,20.985918,19.795637,20.10667,0.0,20.46963,20.12165,20.30806,20.443441,20.844875,19.318161,17.543718,19.86928,20.881777,20.30806,20.131512,15.167039,21.250942,20.003721,14.471156,19.145346,21.08546,20.96654,20.815342,14.091823,19.034021,20.084715,21.318241,20.717115,20.117456,19.664267,20.636513,20.388895,19.40181,20.30806,20.214127,21.247766,19.20374,19.984972,19.984972,20.30806,20.348635,20.30806,19.581186,19.82315,20.388895,20.732735,19.367596,19.494137,21.722502,20.424015,20.21281,20.168825,20.72856,19.475487,20.631268,19.39458,20.22644,20.011995,19.823908,21.201294,20.887127,21.529886,21.204151,20.473585,20.456528,21.652706,20.274998,17.331625,19.656713,20.63307,13.699709,20.192179,19.972284,20.220095,15.62726,21.020954,20.811811,20.969719,20.969719,20.213932,20.099813
9.214395,11.96833,8.041227,22.107824,22.033407,8.37432,10.259867,12.070642,8.633655,20.46963,0.0,8.508743,8.425925,8.275299,7.072578,10.563904,16.770052,9.881221,8.128442,8.425925,7.3236356,22.107824,8.984013,11.513331,22.033407,9.107577,7.7939496,9.123292,12.38534,20.422562,9.625272,11.322889,9.863561,11.352813,8.365749,9.42333,8.879286,9.6437,9.409704,8.425925,8.293725,9.339762,9.404106,9.396678,9.396678,8.425925,8.118635,8.425925,8.684491,9.424448,9.6437,9.651497,9.789656,10.72973,11.27947,7.8428516,7.577118,9.735499,8.856995,8.872397,9.114757,16.375973,8.026504,7.231619,8.054875,12.484057,10.790777,11.96833,11.538649,9.070162,8.471604,10.537691,9.476901,20.044325,10.389263,9.1369915,19.792145,8.382968,8.433427,7.263423,17.789663,8.913745,14.999243,8.346183,8.346183,7.7385273,7.412463
10.850811,8.866636,9.38239,22.02363,21.948467,7.256616,9.604091,11.519951,5.096613,20.12165,8.508743,0.0,5.182486,5.155771,10.105371,9.213232,15.249921,7.911032,5.983524,5.182486,9.11747,22.02363,8.261003,9.823179,21.948467,10.78786,7.3801146,4.8076887,9.403552,20.694538,8.262286,11.104865,9.609141,11.591728,6.3325214,9.195151,7.5193133,7.2557945,9.627669,5.182486,5.4338527,9.587962,8.854604,8.987119,8.987119,5.182486,5.211271,5.182486,9.762235,10.889781,7.2557945,10.236362,10.042541,10.074632,10.342325,8.418088,8.240793,8.601022,7.53303,9.487717,4.568155,16.305504,7.681092,10.259801,9.353678,12.261863,8.005299,8.866636,11.880089,6.873004,10.265633,10.00612,10.854708,20.26254,11.310633,10.264483,20.005123,6.203993,8.014543,7.3975606,17.612564,8.100882,16.113085,6.5566072,6.5566072,5.7037573,6.6149306
10.324796,8.930857,7.9538665,22.005257,22.009443,8.371102,9.571243,13.163159,2.5869658,20.30806,8.425925,5.182486,0.0,1.546604,9.899982,11.106919,16.15117,9.904582,7.274937,0.0,8.18642,22.005257,8.320125,10.845713,22.009443,10.345839,6.9805,5.4596367,11.1030445,20.599075,9.594848,11.729431,6.6113677,12.10367,6.9705133,9.809534,6.727347,6.2600064,10.608984,0.0,0.79480803,8.666597,9.319061,10.245478,10.245478,0.0,1.6302222,0.0,8.229392,10.195067,6.2600064,10.042478,10.756608,10.803666,9.636786,5.844397,6.019285,7.47829,8.095134,8.039291,5.535524,15.229092,5.740612,10.96223,8.142293,12.831009,9.251726,8.930857,12.450675,6.4528394,9.008344,9.37347,9.314627,19.634825,11.024156,8.749466,18.963453,6.8849525,5.5893593,6.086585,16.579973,8.225549,15.47687,4.5792384,4.5792384,4.2107024,4.3603263
10.479778,9.379715,8.045151,22.0462,22.026901,8.57088,10.051852,12.736623,2.3961236,20.443441,8.275299,5.155771,1.546604,0.0,9.906336,10.6698265,16.09683,9.581077,7.343016,1.546604,8.451224,22.0462,8.833397,11.156737,22.026901,10.473561,7.41261,5.4847393,11.185863,20.66485,9.141723,11.880609,7.2945447,12.263694,7.331122,9.916276,6.7609496,6.4395366,10.417639,1.546604,1.8293148,9.171448,9.453014,10.322481,10.322481,1.546604,0.6806772,1.546604,8.448805,10.4777,6.4395366,10.361382,10.662552,10.959521,9.818452,6.1650853,6.145846,7.67298,8.566028,8.40447,5.579257,15.505515,6.2837534,10.805257,8.423485,13.045858,9.547493,9.379715,12.571774,6.9559937,9.370629,9.9328575,9.520522,19.748827,11.246789,9.163658,19.281504,7.243318,5.801306,6.5646253,16.953184,8.76534,15.630003,4.191561,4.191561,3.318459,4.080808
8.847053,12.689953,9.403539,22.802689,22.61202,10.369591,11.438242,13.771197,9.933157,20.844875,7.072578,10.105371,9.899982,9.906336,0.0,12.183092,17.642347,11.813102,10.07723,9.899982,7.9476724,22.802689,10.526989,12.345093,22.61202,8.948994,10.359928,10.677485,13.541324,20.681803,11.989292,12.676908,10.937688,12.493695,9.982145,11.19693,9.654379,10.295455,9.678217,9.899982,9.764534,10.8531065,10.816164,11.0888405,11.0888405,9.899982,9.746297,9.899982,10.099486,9.179644,10.295455,11.202077,12.091882,11.948996,11.50841,9.673242,9.612266,10.741513,10.410916,8.545608,10.695096,16.03677,9.6284075,7.705728,9.40799,13.548214,11.716,12.689953,11.69154,10.538088,9.160455,11.032965,10.88937,20.357502,9.985572,10.20712,19.992432,10.040278,10.337239,8.938445,17.968803,10.462039,14.528928,9.80789,9.80789,9.682944,9.097554
12.098047,13.852512,11.84623,20.777655,20.644564,10.858148,13.167378,6.112916,10.404256,19.318161,10.563904,9.213232,11.106919,10.6698265,12.183092,0.0,14.67093,7.634375,9.851929,11.106919,11.832664,20.777655,12.764824,11.733117,20.644564,12.0382185,11.768383,10.71768,11.46023,19.982428,6.9827905,11.2372055,13.940475,12.182165,10.785273,10.212112,11.295519,11.587335,9.500897,11.106919,11.169191,13.712945,10.658215,10.417379,10.417379,11.106919,10.669296,11.106919,12.02036,12.216512,11.587335,12.055743,10.121944,10.128533,13.54817,11.914691,11.399582,12.091286,11.941809,12.252574,10.404441,18.674208,11.717399,10.911355,12.15082,13.277852,12.355464,13.852512,13.034803,11.616127,12.763167,14.126016,13.151625,20.429192,12.723703,13.337559,21.012098,10.749017,11.218181,11.556038,19.177835,12.627389,16.235739,11.153582,11.153582,9.829757,10.575022
17.229301,13.640506,17.432625,19.918827,19.48796,16.506609,17.548048,14.664089,16.044214,17.543718,16.770052,15.249921,16.15117,16.09683,17.642347,14.67093,0.0,14.501699,15.792026,16.15117,17.349146,19.918827,17.006079,16.105745,19.48796,17.136707,16.68291,15.697574,13.037283,18.196306,14.584655,17.505432,17.89563,18.04166,16.497746,16.628994,16.618738,16.464552,16.09394,16.15117,16.244532,17.748306,16.539669,16.026304,16.026304,16.15117,16.12532,16.15117,17.375048,18.148445,16.464552,18.08835,17.100538,17.112461,16.653063,17.168676,17.061245,16.901213,16.405775,16.921555,15.145808,17.079605,16.919186,16.70184,17.529966,18.41025,14.144267,13.640506,18.771334,16.414743,18.028738,17.69067,17.83609,19.962193,17.993834,18.225027,19.900324,16.48735,16.814245,16.514364,17.376898,16.855032,20.206512,16.499298,16.499298,15.672126,16.363401
12.161545,12.032375,11.422424,21.624899,21.429993,8.666899,11.869561,8.646522,9.352834,19.86928,9.881221,7.911032,9.904582,9.581077,11.813102,7.634375,14.501699,0.0,7.7887907,9.904582,11.362992,21.624899,11.016804,10.57425,21.429993,11.9364195,10.242615,8.541837,8.386235,20.23166,5.5822773,10.209831,13.226118,11.382936,9.755923,9.658305,10.5425625,10.381809,9.520407,9.904582,10.000082,11.84979,9.858143,9.155292,9.155292,9.904582,9.5660095,9.904582,11.600775,12.5772505,10.381809,11.96443,9.317558,10.168092,13.015217,11.407181,11.111582,10.815133,10.26653,12.211122,8.323336,18.677534,11.04176,10.279985,11.625481,11.793256,10.18456,12.032375,12.497585,10.011494,12.360674,12.803794,13.162884,21.048647,12.916871,13.10688,21.586702,9.721505,10.689948,10.788244,19.569351,10.888303,16.91142,10.435287,10.435287,8.838489,9.756992
11.029337,9.047647,9.865802,22.803442,22.673716,4.850561,8.959329,11.356629,7.4664316,20.881777,8.128442,5.983524,7.274937,7.343016,10.07723,9.851929,15.792026,7.7887907,0.0,7.274937,8.39617,22.803442,7.416052,10.417653,22.673716,10.948622,6.116721,5.7404857,9.493828,20.748957,9.448347,10.951245,9.589097,11.4018955,7.776023,9.859416,8.236959,8.714995,9.928859,7.274937,7.5078497,8.394374,9.204994,9.243978,9.243978,7.274937,7.4501634,7.274937,10.157353,10.808127,8.714995,9.222467,10.304537,10.088398,9.98545,8.67377,8.645775,9.976984,7.4134765,9.41164,5.571899,16.478413,8.071387,10.569619,9.407671,11.69246,7.9645405,9.047647,11.486521,7.303054,9.499455,9.417202,11.191852,20.813728,11.688743,10.215675,20.412237,7.6330214,8.998694,7.2554064,18.125107,7.497223,15.9560995,7.5014462,7.5014462,7.314783,8.148595
10.324796,8.930857,7.9538665,22.005257,22.009443,8.371102,9.571243,13.163159,2.5869658,20.30806,8.425925,5.182486,0.0,1.546604,9.899982,11.106919,16.15117,9.904582,7.274937,0.0,8.18642,22.005257,8.320125,10.845713,22.009443,10.345839,6.9805,5.4596367,11.1030445,20.599075,9.594848,11.729431,6.6113677,12.10367,6.9705133,9.809534,6.727347,6.2600064,10.608984,0.0,0.79480803,8.666597,9.319061,10.245478,10.245478,0.0,1.6302222,0.0,8.229392,10.195067,6.2600064,10.042478,10.756608,10.803666,9.636786,5.844397,6.019285,7.47829,8.095134,8.039291,5.535524,15.229092,5.740612,10.96223,8.142293,12.831009,9.251726,8.930857,12.450675,6.4528394,9.008344,9.37347,9.314627,19.634825,11.024156,8.749466,18.963453,6.8849525,5.5893593,6.086585,16.579973,8.225549,15.47687,4.5792384,4.5792384,4.2107024,4.3603263
7.680908,11.673835,7.1461287,21.680277,21.693377,8.6870365,9.172142,13.551271,8.577237,20.131512,7.3236356,9.11747,8.18642,8.451224,7.9476724,11.832664,17.349146,11.362992,8.39617,8.18642,0.0,21.680277,8.420497,10.851342,21.693377,7.743669,7.901674,9.271632,13.026369,19.962511,11.059654,10.95419,8.418131,10.959272,8.167561,9.597348,8.18362,8.694782,9.662396,8.18642,8.018856,8.060053,8.526217,9.717519,9.717519,8.18642,8.282276,8.18642,7.5989203,7.482919,8.694782,8.604092,10.309925,10.307552,10.343759,7.226566,7.2217717,8.847428,8.505604,7.1730194,9.438559,15.047692,7.4188633,10.016958,7.1531525,12.182876,10.70584,11.673835,10.340411,8.71711,5.829067,8.834334,8.479187,19.298895,9.181191,7.164348,18.991768,8.188238,7.881984,5.5268674,16.904888,8.393787,13.577114,8.546959,8.546959,8.341579,7.5470695
20.928602,23.451618,21.414562,0.0,4.512213,23.329302,23.61227,20.532274,21.837564,15.167039,22.107824,22.02363,22.005257,22.0462,22.802689,20.777655,19.918827,21.624899,22.803442,22.005257,21.680277,0.0,23.74005,22.23721,4.512213,20.997923,23.383572,22.738106,22.879871,15.879781,20.334885,22.381603,22.96041,22.798233,22.367462,21.761208,21.601883,21.797611,21.063124,22.005257,21.91669,23.648472,21.399466,22.455732,22.455732,22.005257,21.968506,22.005257,21.199896,22.041647,21.797611,23.14924,21.475353,21.837982,22.926773,21.580545,21.437866,21.727615,23.192749,21.221857,22.406929,21.321384,21.845888,21.757212,21.552776,23.574871,23.07825,23.451618,23.24723,22.767385,22.507423,23.662083,21.273756,16.813913,21.935865,22.003548,18.551233,22.441463,21.640245,21.822407,19.703114,23.530664,21.975916,22.026823,22.026823,21.76369,21.574808
10.690473,9.528886,10.042127,23.74005,23.634197,6.115973,6.3727775,14.660614,8.977851,21.250942,8.984013,8.261003,8.320125,8.833397,10.526989,12.764824,17.006079,11.016804,7.416052,8.320125,8.420497,23.74005,0.0,8.2253685,23.634197,10.51889,4.3792043,8.231156,10.728261,21.416748,11.993188,10.20584,8.839502,9.900535,6.0905447,8.431339,9.459027,9.494081,11.612246,8.320125,8.343294,5.631887,8.809144,7.014224,7.014224,8.320125,8.774788,8.320125,10.254672,9.737874,9.494081,7.2218328,10.230783,9.385601,10.745098,8.872075,8.810391,9.340469,3.1239567,10.0605135,8.182399,16.249989,7.587911,11.216297,9.144752,10.403987,7.7851586,9.528886,10.542652,6.536976,8.037389,6.49705,10.614748,21.10909,11.055185,8.489934,20.393106,5.955024,8.623139,7.113171,17.747652,1.0371423,16.592634,9.759528,9.759528,9.420745,8.899369
10.394563,11.617575,11.03838,22.23721,22.122118,8.9193945,7.0278845,13.968876,10.451196,20.003721,11.513331,9.823179,10.845713,11.156737,12.345093,11.733117,16.105745,10.57425,10.417653,10.845713,10.851342,22.23721,8.2253685,0.0,22.122118,10.140541,9.826311,9.897623,9.3123045,20.010143,10.88105,7.8321676,12.539724,7.624336,7.2298136,6.2510147,11.2591505,10.694965,10.734349,10.845713,10.838934,9.613946,7.842474,6.4913573,6.4913573,10.845713,11.051779,10.845713,11.089222,10.376882,10.694965,8.544608,7.8828425,7.0858636,13.722097,11.35072,10.994139,9.887678,6.650765,11.981501,9.735946,17.941929,9.795764,11.940397,10.282115,7.9160686,8.5595045,11.617575,9.155378,7.7354536,9.867987,8.033599,12.129283,20.747938,10.566909,10.49154,21.266787,7.1799035,10.220243,10.261645,18.375265,7.719296,16.147652,12.268822,12.268822,11.280821,11.052982
20.893265,23.3896,21.421515,4.512213,0.0,23.22161,23.536749,20.277653,21.808706,14.471156,22.033407,21.948467,22.009443,22.026901,22.61202,20.644564,19.48796,21.429993,22.673716,22.009443,21.693377,4.512213,23.634197,22.122118,0.0,20.959105,23.315176,22.643953,22.696033,15.357417,20.276316,22.218412,23.04327,22.585793,22.28614,21.64083,21.672436,21.867643,20.960562,22.009443,21.927427,23.54926,21.327274,22.300714,22.300714,22.009443,21.95226,22.009443,21.234648,22.050476,21.867643,23.03383,21.346758,21.629265,22.978909,21.606968,21.454332,21.760616,23.094885,21.220842,22.330667,21.3935,21.813541,21.646978,21.51946,23.290285,22.99579,23.3896,23.148067,22.710575,22.452526,23.633936,21.375837,17.480902,21.854124,22.084732,18.49687,22.3609,21.677876,21.827034,19.600111,23.431526,22.051,22.015842,22.015842,21.736378,21.56332
1.5450497,13.474095,7.529186,20.997923,20.959105,10.460918,10.050192,13.767935,10.096796,19.145346,9.107577,10.78786,10.345839,10.473561,8.948994,12.0382185,17.136707,11.9364195,10.948622,10.345839,7.743669,20.997923,10.51889,10.140541,20.959105,0.0,10.738672,11.048096,13.288791,19.05193,11.096803,10.541237,10.771636,9.935629,8.857658,9.154897,10.159657,10.316485,8.801098,10.345839,10.122989,10.1387825,8.07124,9.378489,9.378489,10.345839,10.265698,10.345839,7.89282,7.458115,10.316485,9.632394,9.463372,10.101199,12.7288065,9.386607,9.087603,9.760471,9.972371,7.9397287,10.987018,16.273945,9.044321,9.9027815,7.90646,11.889918,11.806637,13.474095,9.79456,9.65195,8.193031,10.013022,9.6245575,18.788248,7.0732746,8.40314,19.582493,8.992315,9.154941,8.489231,17.447706,10.256117,13.331204,10.8429165,10.8429165,10.09555,9.092034
10.819992,9.32242,9.577349,23.383572,23.315176,5.86452,7.5587935,13.596434,7.8223815,21.08546,7.7939496,7.3801146,6.9805,7.41261,10.359928,11.768383,16.68291,10.242615,6.116721,6.9805,7.901674,23.383572,4.3792043,9.826311,23.315176,10.738672,0.0,7.1630406,11.021569,21.293982,10.802065,10.509478,7.698744,10.882583,6.6008554,8.772269,8.72967,9.101323,11.360377,6.9805,7.0585127,6.0330873,9.016589,8.293115,8.293115,6.9805,7.413401,6.9805,9.66156,10.147127,9.101323,7.772745,10.05079,9.984263,10.042751,7.4529247,7.5301957,9.424684,5.1141043,9.577133,7.150734,15.98545,6.7976484,10.925781,8.754597,11.3300295,8.388028,9.32242,11.69442,6.509276,8.016582,7.8922124,10.179671,20.656109,11.419269,8.636694,19.915892,6.463977,7.761515,6.2748957,17.42083,4.511825,16.329517,8.132605,8.132605,7.935535,7.908746
11.107709,8.182294,9.398755,22.738106,22.643953,6.7324405,8.67741,12.641714,5.2641716,20.96654,9.123292,4.8076887,5.4596367,5.4847393,10.677485,10.71768,15.697574,8.541837,5.7404857,5.4596367,9.271632,22.738106,8.231156,9.897623,22.643953,11.048096,7.1630406,0.0,8.914632,21.20477,9.448277,10.970235,9.08241,11.466061,7.0499773,9.669904,7.978464,7.677775,10.494379,5.4596367,5.7276874,8.674427,8.972725,9.808174,9.808174,5.4596367,5.582967,5.4596367,9.651015,11.336665,7.677775,10.044952,10.250888,10.298808,10.546831,8.102159,8.1679,8.905846,7.4337296,9.685163,2.5010428,16.264645,7.421555,11.558919,9.222069,11.418293,7.294242,8.182294,11.580773,5.3977914,9.682059,8.9538145,11.263389,20.62631,11.689846,10.389442,20.367752,6.9326735,7.9979773,7.35043,17.889046,8.081048,16.513205,6.650469,6.650469,5.7575593,6.9458814
13.451314,8.1231365,13.37703,22.879871,22.696033,9.743519,11.358163,12.591272,10.725317,20.815342,12.38534,9.403552,11.1030445,11.185863,13.541324,11.46023,13.037283,8.386235,9.493828,11.1030445,13.026369,22.879871,10.728261,9.3123045,22.696033,13.288791,11.021569,8.914632,0.0,21.041626,10.43956,11.89551,14.027453,12.576029,10.680953,11.113051,11.974209,11.430392,11.803909,11.1030445,11.347248,12.112974,11.293366,10.006053,10.006053,11.1030445,11.274807,11.1030445,13.5139475,13.983359,11.430392,12.855104,11.721061,11.677523,12.615968,12.963338,12.7438965,11.794353,9.607362,13.487126,8.298929,18.409859,12.1032915,12.810769,13.163218,12.207361,5.570088,8.1231365,13.320672,9.864827,13.549308,11.4456835,14.301962,21.999895,14.033788,13.866174,22.340672,10.583437,12.187515,11.904263,19.80283,10.483746,18.196014,11.976772,11.976772,11.096462,11.899694
18.994167,21.597027,19.950077,15.879781,15.357417,21.018644,21.065218,20.264793,20.402235,14.091823,20.422562,20.694538,20.599075,20.66485,20.681803,19.982428,18.196306,20.23166,20.748957,20.599075,19.962511,15.879781,21.416748,20.010143,15.357417,19.05193,21.293982,21.20477,21.041626,0.0,19.205341,20.119978,21.278858,20.615429,20.475601,19.763397,20.654938,20.503061,19.582779,20.599075,20.516808,21.436884,19.499516,20.176895,20.176895,20.599075,20.579292,20.599075,19.77497,19.896961,20.503061,20.78579,19.498331,19.62392,21.639479,20.245705,20.129028,20.141506,20.977695,19.641813,20.90632,18.907541,20.18199,19.87241,19.805845,21.065954,21.06832,21.597027,21.039808,20.752386,20.272907,21.456295,20.043018,17.477514,19.758652,20.333338,17.749111,20.533913,20.186527,20.306696,17.833323,21.22285,20.761538,20.767878,20.767878,20.303274,20.249027
11.378561,13.169632,10.410869,20.334885,20.276316,10.2213745,12.3308115,8.897948,9.111434,19.034021,9.625272,8.262286,9.594848,9.141723,11.989292,6.9827905,14.584655,5.5822773,9.448347,9.594848,11.059654,20.334885,11.993188,10.88105,20.276316,11.096803,10.802065,9.448277,10.43956,19.205341,0.0,10.027093,12.889777,11.140057,9.487376,8.70659,10.300091,10.247856,9.638386,9.594848,9.604341,12.58652,9.582614,9.367973,9.367973,9.594848,9.078245,9.594848,10.574897,12.141404,10.247856,11.958382,8.208829,10.079599,13.531696,10.556059,10.010052,10.372905,10.944254,11.936073,9.092585,18.42987,10.53765,10.360283,10.99001,12.2387,11.620177,13.169632,12.860817,10.296093,12.03895,13.361056,12.211625,19.886581,12.315887,12.365277,20.744125,9.485387,9.516863,10.489874,18.727173,11.800207,16.278429,10.117179,10.117179,8.091141,8.770802
10.740901,14.401148,10.164311,22.381603,22.218412,9.237102,8.529514,13.539004,11.5722,20.084715,11.322889,11.104865,11.729431,11.880609,12.676908,11.2372055,17.505432,10.209831,10.951245,11.729431,10.95419,22.381603,10.20584,7.8321676,22.218412,10.541237,10.509478,10.970235,11.89551,20.119978,10.027093,0.0,12.987953,7.3388934,8.386491,6.731755,12.446205,12.166817,11.328488,11.729431,11.588354,10.037742,6.878825,8.025214,8.025214,11.729431,11.705799,11.729431,9.887751,9.967047,12.166817,7.920095,6.715741,6.8136005,15.6205845,11.369719,10.864834,11.363361,9.323421,12.495705,11.108724,19.162928,10.3289,12.1804905,9.950158,6.0270276,11.977309,14.401148,8.829253,9.362171,9.459799,10.747998,13.161393,21.027868,10.677906,11.454075,21.401218,8.456736,10.186449,10.787299,19.074244,9.92442,15.735816,12.747245,12.747245,11.695513,11.354836
10.614043,10.606894,8.458156,22.96041,23.04327,10.006001,9.815742,15.752988,7.946896,21.318241,9.863561,9.609141,6.6113677,7.2945447,10.937688,13.940475,17.89563,13.226118,9.589097,6.6113677,8.418131,22.96041,8.839502,12.539724,23.04327,10.771636,7.698744,9.08241,14.027453,21.278858,12.889777,12.987953,0.0,13.462844,8.902698,11.983308,9.071223,8.514269,13.047045,6.6113677,6.3666615,8.475551,10.766669,12.163858,12.163858,6.6113677,7.170725,6.6113677,8.049306,10.191647,8.514269,9.941455,12.591859,12.296689,10.487104,6.810402,7.5009246,9.461823,9.44856,8.375616,9.457182,14.737195,7.129516,12.811886,8.71487,14.053687,11.4672575,10.606894,13.386437,8.483681,8.549045,9.335307,9.927913,19.480896,11.7143545,8.719956,18.568005,8.924382,7.1991286,6.619669,16.096245,8.865574,15.493738,8.227879,8.227879,8.289447,7.278822
10.350243,14.806249,10.505733,22.798233,22.585793,9.56403,8.517988,14.243578,11.794304,20.717115,11.352813,11.591728,12.10367,12.263694,12.493695,12.182165,18.04166,11.382936,11.4018955,12.10367,10.959272,22.798233,9.900535,7.624336,22.585793,9.935629,10.882583,11.466061,12.576029,20.615429,11.140057,7.3388934,13.462844,0.0,8.463982,6.7713017,12.621443,12.624732,11.39834,12.10367,11.995624,9.844116,8.070855,7.472551,7.472551,12.10367,12.12403,12.10367,10.669,10.095354,12.624732,7.779846,7.4628673,6.8788977,15.896191,11.14884,10.651039,11.333357,9.122015,12.553593,11.556655,19.728716,9.888638,12.219643,9.537014,6.234271,12.398375,14.806249,8.1138115,9.162208,9.607139,10.019901,12.605818,21.633917,10.19485,10.321867,22.13492,8.494317,10.618841,10.781495,19.740028,9.558205,16.240044,12.894317,12.894317,12.168567,11.482615
9.052852,10.446769,7.8473196,22.367462,22.28614,6.924978,6.223417,13.26434,7.105093,20.117456,8.365749,6.3325214,6.9705133,7.331122,9.982145,10.785273,16.497746,9.755923,7.776023,6.9705133,8.167561,22.367462,6.0905447,7.2298136,22.28614,8.857658,6.6008554,7.0499773,10.680953,20.475601,9.487376,8.386491,8.902698,8.463982,0.0,5.9487205,8.879793,8.444006,10.157168,6.9705133,6.8010097,7.0452995,5.9464316,6.786271,6.786271,6.9705133,7.100795,6.9705133,8.020477,8.497748,8.444006,7.172805,7.383648,7.3830733,12.093829,7.280121,6.944134,7.701392,4.8808584,9.174902,7.284537,16.641848,5.7464066,10.544565,7.0545654,9.317379,8.900825,10.446769,9.363542,4.8822756,7.6316037,7.5583973,10.259257,20.193743,9.231796,8.31891,20.081438,0.6304113,6.087121,6.7316775,17.284576,5.8063655,15.376925,8.775085,8.775085,7.648056,7.005895
9.45963,13.10093,9.268627,21.761208,21.64083,8.592538,8.053342,12.801623,9.418566,19.664267,9.42333,9.195151,9.809534,9.916276,11.19693,10.212112,16.628994,9.658305,9.859416,9.809534,9.597348,21.761208,8.431339,6.2510147,21.64083,9.154897,8.772269,9.669904,11.113051,19.763397,8.70659,6.731755,11.983308,6.7713017,5.9487205,0.0,10.790198,10.520248,9.898754,9.809534,9.665732,9.0953045,6.3112025,5.432063,5.432063,9.809534,9.7192135,9.809534,9.574776,9.333433,10.520248,7.821049,5.2942257,5.965644,13.998773,9.689979,9.021416,9.093861,6.92946,11.107681,9.735699,18.0523,8.63015,10.330856,9.000458,8.355064,10.574628,13.10093,9.503065,7.702517,8.469265,9.632965,11.348669,20.434181,9.485729,9.722097,20.699953,5.9755583,8.130002,9.339962,18.081863,8.07744,15.072724,11.205971,11.205971,9.8212595,9.255806
10.127782,10.4481325,8.952391,21.601883,21.672436,9.573817,10.942605,12.838244,6.932767,20.636513,8.879286,7.5193133,6.727347,6.7609496,9.654379,11.295519,16.618738,10.5425625,8.236959,6.727347,8.18362,21.601883,9.459027,11.2591505,21.672436,10.159657,8.72967,7.978464,11.974209,20.654938,10.300091,12.446205,9.071223,12.621443,8.879793,10.790198,0.0,4.6823874,9.76998,6.727347,6.838105,10.408432,10.495693,10.712633,10.712633,6.727347,6.825986,6.727347,9.492848,10.327147,4.6823874,11.173673,11.46442,11.652682,9.559342,7.759863,7.6727996,7.1348495,9.183528,8.63189,7.797035,15.627239,7.805752,10.934174,8.603358,13.454352,10.000403,10.4481325,12.60756,8.932666,9.658716,10.266853,9.08655,19.491716,11.279303,8.9092045,19.758333,8.800916,8.564926,7.896284,17.62848,9.390092,14.9230175,6.432668,6.432668,7.1104565,6.881885
10.249593,10.150498,8.779278,21.797611,21.867643,9.644243,10.577572,13.529865,6.3994074,20.388895,9.6437,7.2557945,6.2600064,6.4395366,10.295455,11.587335,16.464552,10.381809,8.714995,6.2600064,8.694782,21.797611,9.494081,10.694965,21.867643,10.316485,9.101323,7.677775,11.430392,20.503061,10.247856,12.166817,8.514269,12.624732,8.444006,10.520248,4.6823874,0.0,10.181768,6.2600064,6.2477026,10.347456,10.069993,10.429401,10.429401,6.2600064,6.3795004,6.2600064,9.076703,10.468324,0.0,11.1943,11.104147,11.32438,10.174205,8.4848585,8.440754,5.190086,8.916208,8.920977,7.797222,15.499827,8.260799,11.256097,8.996796,13.30625,9.716213,10.150498,12.781384,8.650487,10.0818,10.033879,9.90007,19.72425,11.296093,9.615403,19.434546,8.40142,8.12181,8.146021,17.22393,9.36028,15.24107,7.529016,7.529016,7.083884,6.5206857
8.832149,13.250917,10.171526,21.063124,20.960562,10.449782,11.908142,10.83823,9.848598,19.40181,9.409704,9.627669,10.608984,10.417639,9.678217,9.500897,16.09394,9.520407,9.928859,10.608984,9.662396,21.063124,11.612246,10.734349,20.960562,8.801098,11.360377,10.494379,11.803909,19.582779,9.638386,11.328488,13.047045,11.39834,10.157168,9.898754,9.76998,10.181768,0.0,10.608984,10.584026,12.145053,9.364115,9.5892,9.5892,10.608984,10.332887,10.608984,10.649576,10.485577,10.181768,11.52629,10.0080805,10.319591,12.9913225,11.050543,10.721123,10.699129,10.842914,8.7954645,10.275631,17.316313,10.574353,9.050473,10.020016,12.663237,11.366816,13.250917,10.806029,10.749515,11.052634,12.237923,11.3610525,19.665085,10.030223,11.374412,20.43398,10.207885,11.10376,10.341447,18.563648,11.427442,14.084719,10.404225,10.404225,9.689108,9.867005
10.324796,8.930857,7.9538665,22.005257,22.009443,8.371102,9.571243,13.163159,2.5869658,20.30806,8.425925,5.182486,0.0,1.546604,9.899982,11.106919,16.15117,9.904582,7.274937,0.0,8.18642,22.005257,8.320125,10.845713,22.009443,10.345839,6.9805,5.4596367,11.1030445,20.599075,9.594848,11.729431,6.6113677,12.10367,6.9705133,9.809534,6.727347,6.2600064,10.608984,0.0,0.79480803,8.666597,9.319061,10.245478,10.245478,0.0,1.6302222,0.0,8.229392,10.195067,6.2600064,10.042478,10.756608,10.803666,9.636786,5.844397,6.019285,7.47829,8.095134,8.039291,5.535524,15.229092,5.740612,10.96223,8.142293,12.831009,9.251726,8.930857,12.450675,6.4528394,9.008344,9.37347,9.314627,19.634825,11.024156,8.749466,18.963453,6.8849525,5.5893593,6.086585,16.579973,8.225549,15.47687,4.5792384,4.5792384,4.2107024,4.3603263
10.088846,9.240693,7.581371,21.91669,21.927427,8.440767,9.540975,13.238511,2.7935472,20.214127,8.293725,5.4338527,0.79480803,1.8293148,9.764534,11.169191,16.244532,10.000082,7.5078497,0.79480803,8.018856,21.91669,8.343294,10.838934,21.927427,10.122989,7.0585127,5.7276874,11.347248,20.516808,9.604341,11.588354,6.3666615,11.995624,6.8010097,9.665732,6.838105,6.2477026,10.584026,0.79480803,0.0,8.58593,9.108496,10.174396,10.174396,0.79480803,1.6209147,0.79480803,7.8489437,9.957302,6.2477026,9.917107,10.6089,10.653999,9.842816,5.613803,5.8405085,7.368653,8.127548,7.827867,5.9363127,15.178169,5.576643,10.786632,7.865991,12.776137,9.511077,9.240693,12.342007,6.500243,8.813517,9.3595295,9.228138,19.517994,10.766194,8.627431,18.824308,6.758765,5.2869782,5.964249,16.435787,8.242349,15.29474,4.8121057,4.8121057,4.23873,4.0442557
10.26356,10.668699,9.084021,23.648472,23.54926,6.893135,6.259925,15.380754,9.292039,21.247766,9.339762,9.587962,8.666597,9.171448,10.8531065,13.712945,17.748306,11.84979,8.394374,8.666597,8.060053,23.648472,5.631887,9.613946,23.54926,10.1387825,6.0330873,8.674427,12.112974,21.436884,12.58652,10.037742,8.475551,9.844116,7.0452995,9.0953045,10.408432,10.347456,12.145053,8.666597,8.58593,0.0,7.370761,8.983974,8.983974,8.666597,9.04043,8.666597,9.124166,9.564731,10.347456,7.3498683,10.184224,9.80113,11.83323,8.449104,8.527288,9.797845,6.179711,9.832098,9.030321,16.142954,7.606768,12.039909,8.433329,10.063684,9.484193,10.668699,10.133321,6.734508,6.9369617,6.6990476,10.987576,20.959055,10.95937,8.517735,20.28607,7.029551,8.372388,6.8204527,17.680323,5.5620522,16.434416,10.023476,10.023476,9.646642,9.036839
8.246339,12.435585,7.566643,21.399466,21.327274,8.056225,7.61264,12.965495,9.0275755,19.20374,9.404106,8.854604,9.319061,9.453014,10.816164,10.658215,16.539669,9.858143,9.204994,9.319061,8.526217,21.399466,8.809144,7.842474,21.327274,8.07124,9.016589,8.972725,11.293366,19.499516,9.582614,6.878825,10.766669,8.070855,5.9464316,6.3112025,10.495693,10.069993,9.364115,9.319061,9.108496,7.370761,0.0,7.1647053,7.1647053,9.319061,9.201446,9.319061,7.4838104,8.33665,10.069993,7.6695824,6.4183426,6.832792,13.654557,9.049033,8.631081,9.308336,7.939574,9.466068,9.239334,17.014385,8.159868,10.543104,7.6068435,8.857754,10.304786,12.435585,8.351141,7.431428,7.901814,9.297038,11.314097,19.767834,8.871138,9.557039,20.016111,6.1125994,7.8728395,8.111258,17.531998,8.507277,14.5285,10.49999,10.49999,9.129102,8.861547
9.742605,12.451706,9.8704,22.455732,22.300714,7.9012156,8.520496,12.909041,9.9657545,19.984972,9.396678,8.987119,10.245478,10.322481,11.0888405,10.417379,16.026304,9.155292,9.243978,10.245478,9.717519,22.455732,7.014224,6.4913573,22.300714,9.378489,8.293115,9.808174,10.006053,20.176895,9.367973,8.025214,12.163858,7.472551,6.786271,5.432063,10.712633,10.429401,9.5892,10.245478,10.174396,8.983974,7.1647053,0.0,0.0,10.245478,10.175949,10.245478,10.285065,9.817903,10.429401,8.185656,6.935337,7.0153985,13.421808,10.638526,10.067058,9.505067,6.2857494,11.267096,9.660058,18.032335,9.511161,9.326319,9.742175,9.203201,9.559303,12.451706,9.609021,8.39763,9.551394,9.735486,11.450547,21.035032,9.974618,9.956423,21.232334,6.786466,9.400618,9.376708,18.566847,6.776521,15.784091,11.531185,11.531185,10.132235,9.762639
9.742605,12.451706,9.8704,22.455732,22.300714,7.9012156,8.520496,12.909041,9.9657545,19.984972,9.396678,8.987119,10.245478,10.322481,11.0888405,10.417379,16.026304,9.155292,9.243978,10.245478,9.717519,22.455732,7.014224,6.4913573,22.300714,9.378489,8.293115,9.808174,10.006053,20.176895,9.367973,8.025214,12.163858,7.472551,6.786271,5.432063,10.712633,10.429401,9.5892,10.245478,10.174396,8.983974,7.1647053,0.0,0.0,10.245478,10.175949,10.245478,10.285065,9.817903,10.429401,8.185656,6.935337,7.0153985,13.421808,10.638526,10.067058,9.505067,6.2857494,11.267096,9.660058,18.032335,9.511161,9.326319,9.742175,9.203201,9.559303,12.451706,9.609021,8.39763,9.551394,9.735486,11.450547,21.035032,9.974618,9.956423,21.232334,6.786466,9.400618,9.376708,18.566847,6.776521,15.784091,11.531185,11.531185,10.132235,9.762639
10.324796,8.930857,7.9538665,22.005257,22.009443,8.371102,9.571243,13.163159,2.5869658,20.30806,8.425925,5.182486,0.0,1.546604,9.899982,11.106919,16.15117,9.904582,7.274937,0.0,8.18642,22.005257,8.320125,10.845713,22.009443,10.345839,6.9805,5.4596367,11.1030445,20.599075,9.594848,11.729431,6.6113677,12.10367,6.9705133,9.809534,6.727347,6.2600064,10.608984,0.0,0.79480803,8.666597,9.319061,10.245478,10.245478,0.0,1.6302222,0.0,8.229392,10.195067,6.2600064,10.042478,10.756608,10.803666,9.636786,5.844397,6.019285,7.47829,8.095134,8.039291,5.535524,15.229092,5.740612,10.96223,8.142293,12.831009,9.251726,8.930857,12.450675,6.4528394,9.008344,9.37347,9.314627,19.634825,11.024156,8.749466,18.963453,6.8849525,5.5893593,6.086585,16.579973,8.225549,15.47687,4.5792384,4.5792384,4.2107024,4.3603263
10.263241,9.531857,7.7442656,21.968506,21.95226,8.529777,9.956831,12.75491,2.471608,20.348635,8.118635,5.211271,1.6302222,0.6806772,9.746297,10.669296,16.12532,9.5660095,7.4501634,1.6302222,8.282276,21.968506,8.774788,11.051779,21.95226,10.265698,7.413401,5.582967,11.274807,20.579292,9.078245,11.705799,7.170725,12.12403,7.100795,9.7192135,6.825986,6.3795004,10.332887,1.6302222,1.6209147,9.04043,9.201446,10.175949,10.175949,1.6302222,0.0,1.6302222,8.163589,10.27459,6.3795004,10.228093,10.460945,10.771164,9.948466,6.0146317,6.016815,7.5262365,8.489808,8.242136,5.8052506,15.43662,6.147471,10.600944,8.192638,12.937146,9.6311655,9.531857,12.422928,6.910602,9.195481,9.8453865,9.469763,19.656376,11.012297,9.063898,19.17278,7.0472603,5.5869904,6.4481053,16.830338,8.698707,15.495304,4.3666825,4.3666825,3.251609,3.7688568
10.324796,8.930857,7.9538665,22.005257,22.009443,8.371102,9.571243,13.163159,2.5869658,20.30806,8.425925,5.182486,0.0,1.546604,9.899982,11.106919,16.15117,9.904582,7.274937,0.0,8.18642,22.005257,8.320125,10.845713,22.009443,10.345839,6.9805,5.4596367,11.1030445,20.599075,9.594848,11.729431,6.6113677,12.10367,6.9705133,9.809534,6.727347,6.2600064,10.608984,0.0,0.79480803,8.666597,9.319061,10.245478,10.245478,0.0,1.6302222,0.0,8.229392,10.195067,6.2600064,10.042478,10.756608,10.803666,9.636786,5.844397,6.019285,7.47829,8.095134,8.039291,5.535524,15.229092,5.740612,10.96223,8.142293,12.831009,9.251726,8.930857,12.450675,6.4528394,9.008344,9.37347,9.314627,19.634825,11.024156,8.749466,18.963453,6.8849525,5.5893593,6.086585,16.579973,8.225549,15.47687,4.5792384,4.5792384,4.2107024,4.3603263
7.9281588,12.943278,2.5709012,21.199896,21.234648,9.959289,9.601187,13.935866,8.489491,19.581186,8.684491,9.762235,8.229392,8.448805,10.099486,12.02036,17.375048,11.600775,10.157353,8.229392,7.5989203,21.199896,10.254672,11.089222,21.234648,7.89282,9.66156,9.651015,13.5139475,19.77497,10.574897,9.887751,8.049306,10.669,8.020477,9.574776,9.492848,9.076703,10.649576,8.229392,7.8489437,9.124166,7.4838104,10.285065,10.285065,8.229392,8.163589,8.229392,0.0,8.17553,9.076703,9.001358,9.150907,9.779902,13.129722,7.365605,7.342488,9.101268,9.948361,8.068146,9.978607,15.8899555,7.474335,10.8197565,5.77345,11.669902,12.091911,12.943278,10.756935,8.731132,7.5753174,10.447692,9.588687,18.805593,8.989557,8.402544,18.696243,8.17605,7.0312214,7.04405,16.440125,10.032345,13.814148,9.234074,9.234074,8.394329,7.138643
7.4062824,13.593033,8.107243,22.041647,22.050476,10.265512,9.7365265,14.550909,10.310875,19.82315,9.424448,10.889781,10.195067,10.4777,9.179644,12.216512,18.148445,12.5772505,10.808127,10.195067,7.482919,22.041647,9.737874,10.376882,22.050476,7.458115,10.147127,11.336665,13.983359,19.896961,12.141404,9.967047,10.191647,10.095354,8.497748,9.333433,10.327147,10.468324,10.485577,10.195067,9.957302,9.564731,8.33665,9.817903,9.817903,10.195067,10.27459,10.195067,8.17553,0.0,10.468324,7.9730597,10.072142,8.832276,13.307024,9.128587,8.942518,9.970681,9.630603,8.946508,11.377693,16.781738,8.531675,10.941986,7.6958933,11.465263,12.317975,13.593033,9.223838,9.727219,6.969658,9.812275,10.1512985,19.485569,7.480181,8.418405,19.578175,8.619063,8.866919,8.575374,17.5378,9.527885,12.810805,11.0489235,11.0489235,10.42239,9.598639
10.249593,10.150498,8.779278,21.797611,21.867643,9.644243,10.577572,13.529865,6.3994074,20.388895,9.6437,7.2557945,6.2600064,6.4395366,10.295455,11.587335,16.464552,10.381809,8.714995,6.2600064,8.694782,21.797611,9.494081,10.694965,21.867643,10.316485,9.101323,7.677775,11.430392,20.503061,10.247856,12.166817,8.514269,12.624732,8.444006,10.520248,4.6823874,0.0,10.181768,6.2600064,6.2477026,10.347456,10.069993,10.429401,10.429401,6.2600064,6.3795004,6.2600064,9.076703,10.468324,0.0,11.1943,11.104147,11.32438,10.174205,8.4848585,8.440754,5.190086,8.916208,8.920977,7.797222,15.499827,8.260799,11.256097,8.996796,13.30625,9.716213,10.150498,12.781384,8.650487,10.0818,10.033879,9.90007,19.72425,11.296093,9.615403,19.434546,8.40142,8.12181,8.146021,17.22393,9.36028,15.24107,7.529016,7.529016,7.083884,6.5206857
9.715926,12.925006,9.146236,23.14924,23.03383,7.4660974,6.2696567,14.613631,10.254436,20.732735,9.651497,10.236362,10.042478,10.361382,11.202077,12.055743,18.08835,11.96443,9.222467,10.042478,8.604092,23.14924,7.2218328,8.544608,23.03383,9.632394,7.772745,10.044952,12.855104,20.78579,11.958382,7.920095,9.941455,7.779846,7.172805,7.821049,11.173673,11.1943,11.52629,10.042478,9.917107,7.3498683,7.6695824,8.185656,8.185656,10.042478,10.228093,10.042478,9.001358,7.9730597,11.1943,0.0,8.630115,6.746741,13.779154,9.30362,9.010863,10.662679,7.235255,10.380678,10.208724,17.650394,8.169706,11.635632,8.404992,8.535922,11.140783,12.925006,8.491218,7.7535167,7.314207,8.218278,11.545925,20.899641,9.452308,8.801756,20.293865,7.163023,8.8074465,8.303431,17.836178,6.9862704,15.088771,11.09677,11.09677,10.526448,9.891948
9.753313,14.120325,9.067958,21.475353,21.346758,9.358513,9.035096,12.421027,10.239549,19.367596,9.789656,10.042541,10.756608,10.662552,12.091882,10.121944,17.100538,9.317558,10.304537,10.756608,10.309925,21.475353,10.230783,7.8828425,21.346758,9.463372,10.05079,10.250888,11.721061,19.498331,8.208829,6.715741,12.591859,7.4628673,7.383648,5.2942257,11.46442,11.104147,10.0080805,10.756608,10.6089,10.184224,6.4183426,6.935337,6.935337,10.756608,10.460945,10.756608,9.150907,10.072142,11.104147,8.630115,0.0,6.293575,15.03702,10.194304,9.475448,9.865423,8.855943,11.726145,10.335119,18.58536,9.275943,10.930286,8.721379,8.181209,11.712665,14.120325,9.749922,8.651776,9.451785,11.008272,11.908258,20.100807,10.289376,10.7863035,20.81698,7.4488754,8.95591,10.164354,18.599514,9.971583,15.39065,11.560168,11.560168,10.046662,9.863215
10.179428,13.786206,9.781295,21.837982,21.629265,8.550175,8.17333,12.877401,10.373043,19.494137,10.72973,10.074632,10.803666,10.959521,11.948996,10.128533,17.112461,10.168092,10.088398,10.803666,10.307552,21.837982,9.385601,7.0858636,21.629265,10.101199,9.984263,10.298808,11.677523,19.62392,10.079599,6.8136005,12.296689,6.8788977,7.3830733,5.965644,11.652682,11.32438,10.319591,10.803666,10.653999,9.80113,6.832792,7.0153985,7.0153985,10.803666,10.771164,10.803666,9.779902,8.832276,11.32438,6.746741,6.293575,0.0,15.111151,10.576626,10.195473,10.526267,8.392989,11.437041,10.527034,18.546402,9.443003,11.293905,9.187298,7.821759,11.412305,13.786206,8.341344,8.4605665,9.125848,10.150552,12.4556055,20.813818,9.185786,10.863175,20.654686,7.4386525,9.498272,10.134031,18.358805,9.057289,14.65074,12.058574,12.058574,10.861189,10.384996
12.660575,9.693925,12.814761,22.926773,22.978909,11.335034,12.817609,14.157573,10.1472225,21.722502,11.27947,10.342325,9.636786,9.818452,11.50841,13.54817,16.653063,13.015217,9.98545,9.636786,10.343759,22.926773,10.745098,13.722097,22.978909,12.7288065,10.042751,10.546831,12.615968,21.639479,13.531696,15.6205845,10.487104,15.896191,12.093829,13.998773,9.559342,10.174205,12.9913225,9.636786,9.842816,11.83323,13.654557,13.421808,13.421808,9.636786,9.948466,9.636786,13.129722,13.307024,10.174205,13.779154,15.03702,15.111151,0.0,10.559507,10.90601,11.382157,11.029951,10.978087,10.087735,14.570662,10.777304,13.200623,12.529129,16.30883,10.137855,9.693925,15.432458,11.473429,11.988405,11.401033,10.616923,20.251099,14.139646,10.752941,19.98738,11.976783,11.539048,9.380618,17.8845,10.850611,17.167881,9.366676,9.366676,10.3071,10.632893
9.400318,10.990123,7.1691976,21.580545,21.606968,9.267064,9.457045,13.672926,6.543234,20.424015,7.8428516,8.418088,5.844397,6.1650853,9.673242,11.914691,17.168676,11.407181,8.67377,5.844397,7.226566,21.580545,8.872075,11.35072,21.606968,9.386607,7.4529247,8.102159,12.963338,20.245705,10.556059,11.369719,6.810402,11.14884,7.280121,9.689979,7.759863,8.4848585,11.050543,5.844397,5.613803,8.449104,9.049033,10.638526,10.638526,5.844397,6.0146317,5.844397,7.365605,9.128587,8.4848585,9.30362,10.194304,10.576626,10.559507,0.0,2.1448464,8.124874,8.793979,7.8034377,8.384568,15.344836,3.648742,11.107213,5.6224422,12.120996,11.049265,10.990123,11.642761,7.477958,7.5484304,9.430704,8.341033,19.054333,10.330373,7.316122,18.762001,7.288507,4.6228557,5.8981647,16.436398,8.8437605,14.54261,5.986971,5.986971,6.6821547,6.0106654
9.151944,11.24331,6.9538436,21.437866,21.454332,9.200722,9.395464,13.345803,6.6030865,20.21281,7.577118,8.240793,6.019285,6.145846,9.612266,11.399582,17.061245,11.111582,8.645775,6.019285,7.2217717,21.437866,8.810391,10.994139,21.454332,9.087603,7.5301957,8.1679,12.7438965,20.129028,10.010052,10.864834,7.5009246,10.651039,6.944134,9.021416,7.6727996,8.440754,10.721123,6.019285,5.8405085,8.527288,8.631081,10.067058,10.067058,6.019285,6.016815,6.019285,7.342488,8.942518,8.440754,9.010863,9.475448,10.195473,10.90601,2.1448464,0.0,7.87566,8.595002,8.122147,8.309946,15.695807,3.6926568,10.772268,5.5484796,11.733481,10.959209,11.24331,11.26755,7.497671,7.413738,9.525682,8.182092,19.055864,10.151987,7.179565,18.924955,6.925204,4.078967,6.287882,16.58458,8.801742,14.37734,5.9459085,5.9459085,6.492688,5.761231
9.810621,11.251356,8.770644,21.727615,21.760616,10.139436,9.986371,14.233741,7.4857545,20.168825,9.735499,8.601022,7.47829,7.67298,10.741513,12.091286,16.901213,10.815133,9.976984,7.47829,8.847428,21.727615,9.340469,9.887678,21.760616,9.760471,9.424684,8.905846,11.794353,20.141506,10.372905,11.363361,9.461823,11.333357,7.701392,9.093861,7.1348495,5.190086,10.699129,7.47829,7.368653,9.797845,9.308336,9.505067,9.505067,7.47829,7.5262365,7.47829,9.101268,9.970681,5.190086,10.662679,9.865423,10.526267,11.382157,8.124874,7.87566,0.0,8.48508,9.686528,9.0430975,16.131628,7.904465,11.497952,8.382356,12.25214,10.354269,11.251356,12.087699,8.342594,9.430581,9.666067,9.580364,20.012836,10.874266,8.969636,19.585365,7.665061,7.1979146,8.598353,17.26139,9.144604,15.377252,9.022173,9.022173,8.03632,7.101578
10.142777,9.211285,9.682354,23.192749,23.094885,6.112386,5.561399,14.030119,8.3491335,20.72856,8.856995,7.53303,8.095134,8.566028,10.410916,11.941809,16.405775,10.26653,7.4134765,8.095134,8.505604,23.192749,3.1239567,6.650765,23.094885,9.972371,5.1141043,7.4337296,9.607362,20.977695,10.944254,9.323421,9.44856,9.122015,4.8808584,6.92946,9.183528,8.916208,10.842914,8.095134,8.127548,6.179711,7.939574,6.2857494,6.2857494,8.095134,8.489808,8.095134,9.948361,9.630603,8.916208,7.235255,8.855943,8.392989,11.029951,8.793979,8.595002,8.48508,0.0,10.0828705,7.3450947,16.33969,7.2912474,10.910273,8.704538,9.463575,6.8625984,9.211285,10.058971,5.38977,7.968815,6.1039815,10.680062,20.82839,10.472122,8.640734,20.343563,4.7022796,8.193651,7.242031,17.53049,2.7906373,16.283848,9.648148,9.648148,8.969643,8.577749
7.7143955,11.515006,7.747913,21.221857,21.220842,10.179046,10.624359,13.713383,8.222241,19.475487,8.872397,9.487717,8.039291,8.40447,8.545608,12.252574,16.921555,12.211122,9.41164,8.039291,7.1730194,21.221857,10.0605135,11.981501,21.220842,7.9397287,9.577133,9.685163,13.487126,19.641813,11.936073,12.495705,8.375616,12.553593,9.174902,11.107681,8.63189,8.920977,8.7954645,8.039291,7.827867,9.832098,9.466068,11.267096,11.267096,8.039291,8.242136,8.039291,8.068146,8.946508,8.920977,10.380678,11.726145,11.437041,10.978087,7.8034377,8.122147,9.686528,10.0828705,0.0,9.67635,14.196567,7.795697,10.234058,7.595946,13.687506,11.305647,11.515006,11.737828,9.336711,8.539177,10.136481,9.460992,18.347971,9.296674,8.812708,17.883764,9.257925,8.70492,7.3840847,15.909731,9.964928,13.337363,8.42504,8.42504,8.365827,7.842999
11.098694,7.7211328,9.739032,22.406929,22.330667,6.867818,8.829323,12.283566,5.49012,20.631268,9.114757,4.568155,5.535524,5.579257,10.695096,10.404441,15.145808,8.323336,5.571899,5.535524,9.438559,22.406929,8.182399,9.735946,22.330667,10.987018,7.150734,2.5010428,8.298929,20.90632,9.092585,11.108724,9.457182,11.556655,7.284537,9.735699,7.797035,7.797222,10.275631,5.535524,5.9363127,9.030321,9.239334,9.660058,9.660058,5.535524,5.8052506,5.535524,9.978607,11.377693,7.797222,10.208724,10.335119,10.527034,10.087735,8.384568,8.309946,9.0430975,7.3450947,9.67635,0.0,16.136318,7.5525446,11.463937,9.493021,11.584815,6.690987,7.7211328,11.775782,5.4052124,10.0484085,9.137123,11.054079,20.444704,11.781377,10.370228,20.319752,7.1142955,8.214737,7.393463,17.829634,8.011718,16.452051,6.535648,6.535648,5.81337,7.2410393
16.023409,15.193765,15.8856,21.321384,21.3935,17.023592,16.958645,19.401283,15.575238,19.39458,16.375973,16.305504,15.229092,15.505515,16.03677,18.674208,17.079605,18.677534,16.478413,15.229092,15.047692,21.321384,16.249989,17.941929,21.3935,16.273945,15.98545,16.264645,18.409859,18.907541,18.42987,19.162928,14.737195,19.728716,16.641848,18.0523,15.627239,15.499827,17.316313,15.229092,15.178169,16.142954,17.014385,18.032335,18.032335,15.229092,15.43662,15.229092,15.8899555,16.781738,15.499827,17.650394,18.58536,18.546402,14.570662,15.344836,15.695807,16.131628,16.33969,14.196567,16.136318,0.0,15.4517565,17.167791,15.849996,19.88963,16.142635,15.193765,18.951275,16.258095,15.708379,15.844196,15.884256,16.831856,17.156645,15.831191,16.153093,16.644041,16.145638,14.64107,13.553446,16.222582,18.969725,15.254928,15.254928,15.680552,15.396301
9.072185,10.315023,7.4127626,21.845888,21.813541,8.2433815,7.9885583,13.602891,6.430277,20.22644,8.026504,7.681092,5.740612,6.2837534,9.6284075,11.717399,16.919186,11.04176,8.071387,5.740612,7.4188633,21.845888,7.587911,9.795764,21.813541,9.044321,6.7976484,7.421555,12.1032915,20.18199,10.53765,10.3289,7.129516,9.888638,5.7464066,8.63015,7.805752,8.260799,10.574353,5.740612,5.576643,7.606768,8.159868,9.511161,9.511161,5.740612,6.147471,5.740612,7.474335,8.531675,8.260799,8.169706,9.275943,9.443003,10.777304,3.648742,3.6926568,7.904465,7.2912474,7.795697,7.5525446,15.4517565,0.0,10.974564,5.3311834,10.6627865,10.045354,10.315023,10.695348,5.8851256,7.216581,8.16074,8.70501,19.178326,9.889978,7.102496,18.934221,5.7294655,5.3839774,5.675196,16.457531,7.494587,14.688206,6.088084,6.088084,7.0065947,6.448191
9.919669,13.852228,10.226218,21.757212,21.646978,10.531124,12.525452,12.370743,10.658901,20.011995,7.231619,10.259801,10.96223,10.805257,7.705728,10.911355,16.70184,10.279985,10.569619,10.96223,10.016958,21.757212,11.216297,11.940397,21.646978,9.9027815,10.925781,11.558919,12.810769,19.87241,10.360283,12.1804905,12.811886,12.219643,10.544565,10.330856,10.934174,11.256097,9.050473,10.96223,10.786632,12.039909,10.543104,9.326319,9.326319,10.96223,10.600944,10.96223,10.8197565,10.941986,11.256097,11.635632,10.930286,11.293905,13.200623,11.107213,10.772268,11.497952,10.910273,10.234058,11.463937,17.167791,10.974564,0.0,10.808331,13.592071,12.179871,13.852228,12.711479,11.65482,11.363646,12.936973,11.911491,20.137087,10.866952,11.682444,20.450161,10.632953,11.028428,10.38606,18.418703,11.045434,15.248523,11.106664,11.106664,10.332443,9.87694
7.890697,12.179577,5.41314,21.552776,21.51946,9.176482,8.519238,13.938912,8.332754,19.823908,8.054875,9.353678,8.142293,8.423485,9.40799,12.15082,17.529966,11.625481,9.407671,8.142293,7.1531525,21.552776,9.144752,10.282115,21.51946,7.90646,8.754597,9.222069,13.163218,19.805845,10.99001,9.950158,8.71487,9.537014,7.0545654,9.000458,8.603358,8.996796,10.020016,8.142293,7.865991,8.433329,7.6068435,9.742175,9.742175,8.142293,8.192638,8.142293,5.77345,7.6958933,8.996796,8.404992,8.721379,9.187298,12.529129,5.6224422,5.5484796,8.382356,8.704538,7.595946,9.493021,15.849996,5.3311834,10.808331,0.0,10.451959,11.319002,12.179577,9.595506,7.733036,6.7448716,9.026336,8.815106,19.13414,8.630207,7.294503,18.995596,7.147502,6.8649664,7.0986953,16.894709,8.986101,13.67683,8.322595,8.322595,8.373114,7.5098553
12.116642,14.600988,11.792103,23.574871,23.290285,9.594061,7.892648,15.132224,12.59513,21.201294,12.484057,12.261863,12.831009,13.045858,13.548214,13.277852,18.41025,11.793256,11.69246,12.831009,12.182876,23.574871,10.403987,7.9160686,23.290285,11.889918,11.3300295,11.418293,12.207361,21.065954,12.2387,6.0270276,14.053687,6.234271,9.317379,8.355064,13.454352,13.30625,12.663237,12.831009,12.776137,10.063684,8.857754,9.203201,9.203201,12.831009,12.937146,12.831009,11.669902,11.465263,13.30625,8.535922,8.181209,7.821759,16.30883,12.120996,11.733481,12.25214,9.463575,13.687506,11.584815,19.88963,10.6627865,13.592071,10.451959,0.0,12.09383,14.600988,8.462458,9.221364,10.295545,10.132817,14.013431,22.326319,11.639323,11.980581,22.590408,9.328443,11.673586,11.77851,20.188591,10.109583,17.116995,13.54982,13.54982,13.003186,12.670982
11.869533,5.4922876,11.890292,23.07825,22.99579,7.9763436,8.958859,13.778344,9.275534,20.887127,10.790777,8.005299,9.251726,9.547493,11.716,12.355464,14.144267,10.18456,7.9645405,9.251726,10.70584,23.07825,7.7851586,8.5595045,22.99579,11.806637,8.388028,7.294242,5.570088,21.06832,11.620177,11.977309,11.4672575,12.398375,8.900825,10.574628,10.000403,9.716213,11.366816,9.251726,9.511077,9.484193,10.304786,9.559303,9.559303,9.251726,9.6311655,9.251726,12.091911,12.317975,9.716213,11.140783,11.712665,11.412305,10.137855,11.049265,10.959209,10.354269,6.8625984,11.305647,6.690987,16.142635,10.045354,12.179871,11.319002,12.09383,0.0,5.4922876,12.237958,7.800597,11.228171,8.241659,12.425248,21.030802,12.63999,11.54878,20.964947,8.769495,10.823214,9.324413,18.27834,7.5746284,17.276142,10.087112,10.087112,9.687621,10.287299
13.454223,0.0,12.841403,23.451618,23.3896,10.048348,10.906099,14.88468,9.411525,21.529886,11.96833,8.866636,8.930857,9.379715,12.689953,13.852512,13.640506,12.032375,9.047647,8.930857,11.673835,23.451618,9.528886,11.617575,23.3896,13.474095,9.32242,8.182294,8.1231365,21.597027,13.169632,14.401148,10.606894,14.806249,10.446769,13.10093,10.4481325,10.150498,13.250917,8.930857,9.240693,10.668699,12.435585,12.451706,12.451706,8.930857,9.531857,8.930857,12.943278,13.593033,10.150498,12.925006,14.120325,13.786206,9.693925,10.990123,11.24331,11.251356,9.211285,11.515006,7.7211328,15.193765,10.315023,13.852228,12.179577,14.600988,5.4922876,0.0,14.621195,9.150821,12.395536,9.519763,12.86482,20.966301,14.246786,12.304325,20.42672,10.315341,11.220381,9.949026,17.738867,9.478382,18.003298,9.70622,9.70622,9.996403,10.664869
9.906558,14.621195,10.457384,23.24723,23.148067,9.782617,8.79353,15.070526,12.137152,21.204151,11.538649,11.880089,12.450675,12.571774,11.69154,13.034803,18.771334,12.497585,11.486521,12.450675,10.340411,23.24723,10.542652,9.155378,23.148067,9.79456,11.69442,11.580773,13.320672,21.039808,12.860817,8.829253,13.386437,8.1138115,9.363542,9.503065,12.60756,12.781384,10.806029,12.450675,12.342007,10.133321,8.351141,9.609021,9.609021,12.450675,12.422928,12.450675,10.756935,9.223838,12.781384,8.491218,9.749922,8.341344,15.432458,11.642761,11.26755,12.087699,10.058971,11.737828,11.775782,18.951275,10.695348,12.711479,9.595506,8.462458,12.237958,14.621195,0.0,9.938017,9.34183,9.685557,12.549104,21.461111,9.25883,10.511486,22.125494,9.391785,11.406531,10.789213,19.76258,10.352726,15.356949,12.92595,12.92595,12.197832,11.843104
9.785,9.150821,8.722602,22.767385,22.710575,6.411117,5.258088,13.824141,6.5972195,20.473585,9.070162,6.873004,6.4528394,6.9559937,10.538088,11.616127,16.414743,10.011494,7.303054,6.4528394,8.71711,22.767385,6.536976,7.7354536,22.710575,9.65195,6.509276,5.3977914,9.864827,20.752386,10.296093,9.362171,8.483681,9.162208,4.8822756,7.702517,8.932666,8.650487,10.749515,6.4528394,6.500243,6.734508,7.431428,8.39763,8.39763,6.4528394,6.910602,6.4528394,8.731132,9.727219,8.650487,7.7535167,8.651776,8.4605665,11.473429,7.477958,7.497671,8.342594,5.38977,9.336711,5.4052124,16.258095,5.8851256,11.65482,7.733036,9.221364,7.800597,9.150821,9.938017,0.0,7.9291635,6.5625014,10.585177,20.501127,10.192337,8.811269,20.056488,4.72019,6.8974657,6.641876,17.29525,6.145844,15.907439,8.256371,8.256371,7.497234,7.4371543
8.138955,12.395536,7.4066887,22.507423,22.452526,8.958322,7.687034,14.7519865,9.354984,20.456528,8.471604,10.265633,9.008344,9.370629,9.160455,12.763167,18.028738,12.360674,9.499455,9.008344,5.829067,22.507423,8.037389,9.867987,22.452526,8.193031,8.016582,9.682059,13.549308,20.272907,12.03895,9.459799,8.549045,9.607139,7.6316037,8.469265,9.658716,10.0818,11.052634,9.008344,8.813517,6.9369617,7.901814,9.551394,9.551394,9.008344,9.195481,9.008344,7.5753174,6.969658,10.0818,7.314207,9.451785,9.125848,11.988405,7.5484304,7.413738,9.430581,7.968815,8.539177,10.0484085,15.708379,7.216581,11.363646,6.7448716,10.295545,11.228171,12.395536,9.34183,7.9291635,0.0,7.8254247,8.987413,19.596653,8.716614,6.9937115,19.448912,7.6755996,7.49161,7.3417206,17.08771,7.926856,13.860888,9.869579,9.869579,9.515279,8.506776
10.045574,9.519763,10.283846,23.662083,23.633936,7.9919133,5.478316,15.9471855,9.731436,21.652706,10.537691,10.00612,9.37347,9.9328575,11.032965,14.126016,17.69067,12.803794,9.417202,9.37347,8.834334,23.662083,6.49705,8.033599,23.633936,10.013022,7.8922124,8.9538145,11.4456835,21.456295,13.361056,10.747998,9.335307,10.019901,7.5583973,9.632965,10.266853,10.033879,12.237923,9.37347,9.3595295,6.6990476,9.297038,9.735486,9.735486,9.37347,9.8453865,9.37347,10.447692,9.812275,10.033879,8.218278,11.008272,10.150552,11.401033,9.430704,9.525682,9.666067,6.1039815,10.136481,9.137123,15.844196,8.16074,12.936973,9.026336,10.132817,8.241659,9.519763,9.685557,6.5625014,7.8254247,0.0,11.079805,21.049017,10.777906,8.595176,20.650644,7.458372,9.46385,7.948096,17.863094,6.1950197,16.391092,10.440882,10.440882,10.428392,9.86086
9.727201,12.86482,9.070266,21.273756,21.375837,11.643846,11.734895,14.467491,9.762403,20.274998,9.476901,10.854708,9.314627,9.520522,10.88937,13.151625,17.83609,13.162884,11.191852,9.314627,8.479187,21.273756,10.614748,12.129283,21.375837,9.6245575,10.179671,11.263389,14.301962,20.043018,12.211625,13.161393,9.927913,12.605818,10.259257,11.348669,9.08655,9.90007,11.3610525,9.314627,9.228138,10.987576,11.314097,11.450547,11.450547,9.314627,9.469763,9.314627,9.588687,10.1512985,9.90007,11.545925,11.908258,12.4556055,10.616923,8.341033,8.182092,9.580364,10.680062,9.460992,11.054079,15.884256,8.70501,11.911491,8.815106,14.013431,12.425248,12.86482,12.549104,10.585177,8.987413,11.079805,0.0,18.664028,10.723542,5.4295425,19.270231,10.225329,8.840112,8.762461,17.444208,10.562998,15.257952,9.63023,9.63023,9.703629,8.887853
18.644346,20.966301,19.1542,16.813913,17.480902,21.339668,21.329912,20.892899,19.695683,17.331625,20.044325,20.26254,19.634825,19.748827,20.357502,20.429192,19.962193,21.048647,20.813728,19.634825,19.298895,16.813913,21.10909,20.747938,17.480902,18.788248,20.656109,20.62631,21.999895,17.477514,19.886581,21.027868,19.480896,21.633917,20.193743,20.434181,19.491716,19.72425,19.665085,19.634825,19.517994,20.959055,19.767834,21.035032,21.035032,19.634825,19.656376,19.634825,18.805593,19.485569,19.72425,20.899641,20.100807,20.813818,20.251099,19.054333,19.055864,20.012836,20.82839,18.347971,20.444704,16.831856,19.178326,20.137087,19.13414,22.326319,21.030802,20.966301,21.461111,20.501127,19.596653,21.049017,18.664028,0.0,19.757994,19.211863,16.090546,20.277128,19.298008,19.305677,16.473099,20.96828,20.260534,19.817265,19.817265,19.477362,19.404358
6.9833703,14.246786,8.575738,21.935865,21.854124,10.953771,10.498639,14.855295,10.848746,19.656713,10.389263,11.310633,11.024156,11.246789,9.985572,12.723703,17.993834,12.916871,11.688743,11.024156,9.181191,21.935865,11.055185,10.566909,21.854124,7.0732746,11.419269,11.689846,14.033788,19.758652,12.315887,10.677906,11.7143545,10.19485,9.231796,9.485729,11.279303,11.296093,10.030223,11.024156,10.766194,10.95937,8.871138,9.974618,9.974618,11.024156,11.012297,11.024156,8.989557,7.480181,11.296093,9.452308,10.289376,9.185786,14.139646,10.330373,10.151987,10.874266,10.472122,9.296674,11.781377,17.156645,9.889978,10.866952,8.630207,11.639323,12.63999,14.246786,9.25883,10.192337,8.716614,10.777906,10.723542,19.757994,0.0,9.016214,19.936932,9.375121,9.93088,9.774965,17.811598,10.74992,12.843061,11.927975,11.927975,11.097237,10.17653
8.510572,12.304325,7.982104,22.003548,22.084732,9.97221,9.155082,15.107447,9.347837,20.63307,9.1369915,10.264483,8.749466,9.163658,10.20712,13.337559,18.225027,13.10688,10.215675,8.749466,7.164348,22.003548,8.489934,10.49154,22.084732,8.40314,8.636694,10.389442,13.866174,20.333338,12.365277,11.454075,8.719956,10.321867,8.31891,9.722097,8.9092045,9.615403,11.374412,8.749466,8.627431,8.517735,9.557039,9.956423,9.956423,8.749466,9.063898,8.749466,8.402544,8.418405,9.615403,8.801756,10.7863035,10.863175,10.752941,7.316122,7.179565,8.969636,8.640734,8.812708,10.370228,15.831191,7.102496,11.682444,7.294503,11.980581,11.54878,12.304325,10.511486,8.811269,6.9937115,8.595176,5.4295425,19.211863,9.016214,0.0,19.492586,8.271823,7.900567,7.177123,17.182528,8.36393,14.767587,9.344773,9.344773,9.5859785,8.444406
19.303835,20.42672,19.055428,18.551233,18.49687,20.7933,20.623472,21.912132,19.260437,13.699709,19.792145,20.005123,18.963453,19.281504,19.992432,21.012098,19.900324,21.586702,20.412237,18.963453,18.991768,18.551233,20.393106,21.266787,18.49687,19.582493,19.915892,20.367752,22.340672,17.749111,20.744125,21.401218,18.568005,22.13492,20.081438,20.699953,19.758333,19.434546,20.43398,18.963453,18.824308,20.28607,20.016111,21.232334,21.232334,18.963453,19.17278,18.963453,18.696243,19.578175,19.434546,20.293865,20.81698,20.654686,19.98738,18.762001,18.924955,19.585365,20.343563,17.883764,20.319752,16.153093,18.934221,20.450161,18.995596,22.590408,20.964947,20.42672,22.125494,20.056488,19.448912,20.650644,19.270231,16.090546,19.936932,19.492586,0.0,20.135303,19.035755,18.762241,8.964466,20.311098,20.439648,19.508623,19.508623,19.364326,19.146322
9.200321,10.315341,7.9959927,22.441463,22.3609,6.774691,6.0901556,13.265131,7.0357523,20.192179,8.382968,6.203993,6.8849525,7.243318,10.040278,10.749017,16.48735,9.721505,7.6330214,6.8849525,8.188238,22.441463,5.955024,7.1799035,22.3609,8.992315,6.463977,6.9326735,10.583437,20.533913,9.485387,8.456736,8.924382,8.494317,0.6304113,5.9755583,8.800916,8.40142,10.207885,6.8849525,6.758765,7.029551,6.1125994,6.786466,6.786466,6.8849525,7.0472603,6.8849525,8.17605,8.619063,8.40142,7.163023,7.4488754,7.4386525,11.976783,7.288507,6.925204,7.665061,4.7022796,9.257925,7.1142955,16.644041,5.7294655,10.632953,7.147502,9.328443,8.769495,10.315341,9.391785,4.72019,7.6755996,7.458372,10.225329,20.277128,9.375121,8.271823,20.135303,0.0,6.0991445,6.686012,17.33545,5.6688313,15.455172,8.692204,8.692204,7.6022587,7.0411158
9.275183,11.220381,6.9358425,21.640245,21.677876,9.143828,9.0047035,13.582177,6.1305456,19.972284,8.433427,8.014543,5.5893593,5.801306,10.337239,11.218181,16.814245,10.689948,8.998694,5.5893593,7.881984,21.640245,8.623139,10.220243,21.677876,9.154941,7.761515,7.9979773,12.187515,20.186527,9.516863,10.186449,7.1991286,10.618841,6.087121,8.130002,8.564926,8.12181,11.10376,5.5893593,5.2869782,8.372388,7.8728395,9.400618,9.400618,5.5893593,5.5869904,5.5893593,7.0312214,8.866919,8.12181,8.8074465,8.95591,9.498272,11.539048,4.6228557,4.078967,7.1979146,8.193651,8.70492,8.214737,16.145638,5.3839774,11.028428,6.8649664,11.673586,10.823214,11.220381,11.406531,6.8974657,7.49161,9.46385,8.840112,19.298008,9.93088,7.900567,19.035755,6.0991445,0.0,6.781451,16.478333,8.535617,14.468025,7.720024,7.720024,6.321265,5.28565
8.577521,9.949026,6.979371,21.822407,21.827034,7.238738,7.8695316,13.409283,6.90574,20.220095,7.263423,7.3975606,6.086585,6.5646253,8.938445,11.556038,16.514364,10.788244,7.2554064,6.086585,5.5268674,21.822407,7.113171,10.261645,21.827034,8.489231,6.2748957,7.35043,11.904263,20.306696,10.489874,10.787299,6.619669,10.781495,6.7316775,9.339962,7.896284,8.146021,10.341447,6.086585,5.964249,6.8204527,8.111258,9.376708,9.376708,6.086585,6.4481053,6.086585,7.04405,8.575374,8.146021,8.303431,10.164354,10.134031,9.380618,5.8981647,6.287882,8.598353,7.242031,7.3840847,7.393463,14.64107,5.675196,10.38606,7.0986953,11.77851,9.324413,9.949026,10.789213,6.641876,7.3417206,7.948096,8.762461,19.305677,9.774965,7.177123,18.762241,6.686012,6.781451,0.0,16.333078,7.016956,14.939231,7.0083394,7.0083394,6.9364243,6.4977107
17.229162,17.738867,16.76021,19.703114,19.600111,18.411572,17.875198,20.287863,16.876165,15.62726,17.789663,17.612564,16.579973,16.953184,17.968803,19.177835,17.376898,19.569351,18.125107,16.579973,16.904888,19.703114,17.747652,18.375265,19.600111,17.447706,17.42083,17.889046,19.80283,17.833323,18.727173,19.074244,16.096245,19.740028,17.284576,18.081863,17.62848,17.22393,18.563648,16.579973,16.435787,17.680323,17.531998,18.566847,18.566847,16.579973,16.830338,16.579973,16.440125,17.5378,17.22393,17.836178,18.599514,18.358805,17.8845,16.436398,16.58458,17.26139,17.53049,15.909731,17.829634,13.553446,16.457531,18.418703,16.894709,20.188591,18.27834,17.738867,19.76258,17.29525,17.08771,17.863094,17.444208,16.473099,17.811598,17.182528,8.964466,17.33545,16.478333,16.333078,0.0,17.62491,18.964594,17.349924,17.349924,17.122322,16.831537
10.433589,9.478382,9.848798,23.530664,23.431526,6.040988,5.992946,14.581144,8.815457,21.020954,8.913745,8.100882,8.225549,8.76534,10.462039,12.627389,16.855032,10.888303,7.497223,8.225549,8.393787,23.530664,1.0371423,7.719296,23.431526,10.256117,4.511825,8.081048,10.483746,21.22285,11.800207,9.92442,8.865574,9.558205,5.8063655,8.07744,9.390092,9.36028,11.427442,8.225549,8.242349,5.5620522,8.507277,6.776521,6.776521,8.225549,8.698707,8.225549,10.032345,9.527885,9.36028,6.9862704,9.971583,9.057289,10.850611,8.8437605,8.801742,9.144604,2.7906373,9.964928,8.011718,16.222582,7.494587,11.045434,8.986101,10.109583,7.5746284,9.478382,10.352726,6.145844,7.926856,6.1950197,10.562998,20.96828,10.74992,8.36393,20.311098,5.6688313,8.535617,7.016956,17.62491,0.0,16.479156,9.787203,9.787203,9.376258,8.830377
13.065582,18.003298,13.763817,21.975916,22.051,16.25626,16.321531,17.700676,15.3214035,20.811811,14.999243,16.113085,15.47687,15.630003,14.528928,16.235739,20.206512,16.91142,15.9560995,15.47687,13.577114,21.975916,16.592634,16.147652,22.051,13.331204,16.329517,16.513205,18.196014,20.761538,16.278429,15.735816,15.493738,16.240044,15.376925,15.072724,14.9230175,15.24107,14.084719,15.47687,15.29474,16.434416,14.5285,15.784091,15.784091,15.47687,15.495304,15.47687,13.814148,12.810805,15.24107,15.088771,15.39065,14.65074,17.167881,14.54261,14.37734,15.377252,16.283848,13.337363,16.452051,18.969725,14.688206,15.248523,13.67683,17.116995,17.276142,18.003298,15.356949,15.907439,13.860888,16.391092,15.257952,20.260534,12.843061,14.767587,20.439648,15.455172,14.468025,14.939231,18.964594,16.479156,0.0,15.65016,15.65016,15.395354,14.899729
10.781042,9.70622,8.695646,22.026823,22.015842,9.288497,10.879777,12.538867,4.8796673,20.969719,8.346183,6.5566072,4.5792384,4.191561,9.80789,11.153582,16.499298,10.435287,7.5014462,4.5792384,8.546959,22.026823,9.759528,12.268822,22.015842,10.8429165,8.132605,6.650469,11.976772,20.767878,10.117179,12.747245,8.227879,12.894317,8.775085,11.205971,6.432668,7.529016,10.404225,4.5792384,4.8121057,10.023476,10.49999,11.531185,11.531185,4.5792384,4.3666825,4.5792384,9.234074,11.0489235,7.529016,11.09677,11.560168,12.058574,9.366676,5.986971,5.9459085,9.022173,9.648148,8.42504,6.535648,15.254928,6.088084,11.106664,8.322595,13.54982,10.087112,9.70622,12.92595,8.256371,9.869579,10.440882,9.63023,19.817265,11.927975,9.344773,19.508623,8.692204,7.720024,7.0083394,17.349924,9.787203,15.65016,0.0,0.0,5.128574,5.935046
10.781042,9.70622,8.695646,22.026823,22.015842,9.288497,10.879777,12.538867,4.8796673,20.969719,8.346183,6.5566072,4.5792384,4.191561,9.80789,11.153582,16.499298,10.435287,7.5014462,4.5792384,8.546959,22.026823,9.759528,12.268822,22.015842,10.8429165,8.132605,6.650469,11.976772,20.767878,10.117179,12.747245,8.227879,12.894317,8.775085,11.205971,6.432668,7.529016,10.404225,4.5792384,4.8121057,10.023476,10.49999,11.531185,11.531185,4.5792384,4.3666825,4.5792384,9.234074,11.0489235,7.529016,11.09677,11.560168,12.058574,9.366676,5.986971,5.9459085,9.022173,9.648148,8.42504,6.535648,15.254928,6.088084,11.106664,8.322595,13.54982,10.087112,9.70622,12.92595,8.256371,9.869579,10.440882,9.63023,19.817265,11.927975,9.344773,19.508623,8.692204,7.720024,7.0083394,17.349924,9.787203,15.65016,0.0,0.0,5.128574,5.935046
10.128164,9.996403,7.9592934,21.76369,21.736378,8.598478,10.417073,11.921124,4.1900067,20.213932,7.7385273,5.7037573,4.2107024,3.318459,9.682944,9.829757,15.672126,8.838489,7.314783,4.2107024,8.341579,21.76369,9.420745,11.280821,21.736378,10.09555,7.935535,5.7575593,11.096462,20.303274,8.091141,11.695513,8.289447,12.168567,7.648056,9.8212595,7.1104565,7.083884,9.689108,4.2107024,4.23873,9.646642,9.129102,10.132235,10.132235,4.2107024,3.251609,4.2107024,8.394329,10.42239,7.083884,10.526448,10.046662,10.861189,10.3071,6.6821547,6.492688,8.03632,8.969643,8.365827,5.81337,15.680552,7.0065947,10.332443,8.373114,13.003186,9.687621,9.996403,12.197832,7.497234,9.515279,10.428392,9.703629,19.477362,11.097237,9.5859785,19.364326,7.6022587,6.321265,6.9364243,17.122322,9.376258,15.395354,5.128574,5.128574,0.0,4.2923236
9.109063,10.664869,6.5540056,21.574808,21.56332,8.771359,9.980087,12.674186,4.7474623,20.099813,7.412463,6.6149306,4.3603263,4.080808,9.097554,10.575022,16.363401,9.756992,8.148595,4.3603263,7.5470695,21.574808,8.899369,11.052982,21.56332,9.092034,7.908746,6.9458814,11.899694,20.249027,8.770802,11.354836,7.278822,11.482615,7.005895,9.255806,6.881885,6.5206857,9.867005,4.3603263,4.0442557,9.036839,8.861547,9.762639,9.762639,4.3603263,3.7688568,4.3603263,7.138643,9.598639,6.5206857,9.891948,9.863215,10.384996,10.632893,6.0106654,5.761231,7.101578,8.577749,7.842999,7.2410393,15.396301,6.448191,9.87694,7.5098553,12.670982,10.287299,10.664869,11.843104,7.4371543,8.506776,9.86086,8.887853,19.404358,10.17653,8.444406,19.146322,7.0411158,5.28565,6.4977107,16.831537,8.830377,14.899729,5.935046,5.935046,4.2923236,0.0
